timestamp,sensor_id,lat,lon,pm25,pm25_raw,epa_corrected,source,wind_speed,wind_deg,nearest_congestion,distance_to_road_m,traffic_factor,wind_term,direction_factor,dispersal,hour_of_day,day_of_week
2026-04-27T16:47:51.590707+00:00,266465,32.995834,-96.725136,21.333000000000002,37.4,1,purpleair,8.23,200.0,0.0,1480.951781327029,0.0,6.369542274830881,0.8599118550033444,0.7407203700902701,16,0
2026-04-27T16:47:51.590707+00:00,12969,32.991665,-96.85915,0.0,0.0,1,purpleair,8.23,200.0,0.0,2507.0440355846786,0.0,1.7884312570742014,0.2414448595299531,0.7407203700902701,16,0
2026-04-27T16:47:51.590707+00:00,280468,32.63575,-97.04373,18.695,32.0,1,purpleair,8.23,200.0,0.0,7365.455147129217,0.0,1.4515531757750046,0.19596506784309262,0.7407203700902701,16,0
2026-04-27T16:47:51.590707+00:00,280470,32.70023,-97.00805,19.816,35.3,1,purpleair,8.23,200.0,0.0,3953.1723168066364,0.0,2.7662286691527083,0.3734511403831912,0.7407203700902701,16,0
2026-04-27T16:47:51.590707+00:00,280478,32.75621,-96.96507,18.764000000000003,37.2,1,purpleair,8.23,200.0,0.0,6081.035837676344,0.0,-6.985203936339967,-0.9430284650452766,0.7407203700902701,16,0
2026-04-27T16:47:51.590707+00:00,280474,32.75654,-96.95801,18.748,33.9,1,purpleair,8.23,200.0,0.0,6159.476466012534,0.0,-7.208635292106312,-0.9731925275968594,0.7407203700902701,16,0
2026-04-27T16:47:51.590707+00:00,280940,32.71137,-97.02061,2.1399999999999997,0.0,1,purpleair,8.23,200.0,0.0,5240.578841840523,0.0,1.0109537973875242,0.13648251596811375,0.7407203700902701,16,0
2026-04-27T16:47:51.590707+00:00,283882,32.894684,-96.811386,20.431,37.3,1,purpleair,8.23,200.0,0.0,3989.4556711593186,0.0,7.406877381071323,0.9999559456112516,0.7407203700902701,16,0
2026-04-27T16:47:51.590707+00:00,305450,32.715767,-96.756905,21.381,38.8,1,purpleair,8.23,200.0,0.17500000000000004,4078.511198764039,0.0,-5.048762923336321,-0.6816017389559622,0.7407203700902701,16,0
2026-04-27T16:47:51.590707+00:00,53365,33.05041,-96.937004,22.614000000000004,39.7,1,purpleair,8.23,200.0,0.0,5778.516437614537,0.0,-7.34171547736879,-0.9911588466878627,0.7407203700902701,16,0
2026-04-27T16:47:51.590707+00:00,53389,33.06212,-96.99123,17.085,32.5,1,purpleair,8.23,200.0,0.0,5832.690369070606,0.0,-0.0138038748537733,-0.0018635743542588208,0.7407203700902701,16,0
2026-04-27T16:47:51.590707+00:00,87721,32.96388,-96.63465,16.18,27.0,1,purpleair,8.23,200.0,0.0,8566.504721475498,0.0,1.48575250641943,0.20058210445034258,0.7407203700902701,16,0
2026-04-27T16:47:51.590707+00:00,90785,32.81998,-96.466545,0.8649999999999993,0.0,1,purpleair,8.23,200.0,0.0,3700.125907613209,0.0,7.28320927910276,0.9832602927087276,0.7407203700902701,16,0
2026-04-27T16:47:51.590707+00:00,109566,32.576748,-97.008194,20.52,36.0,1,purpleair,8.23,200.0,0.0,4952.915255086903,0.0,-2.1446992174476525,-0.28954235687973345,0.7407203700902701,16,0
2026-04-27T16:47:51.590707+00:00,120681,32.97801,-96.97727,19.688,34.4,1,purpleair,8.23,200.0,0.0,3109.5946676675267,0.0,7.407107481619514,0.9999870100395408,0.7407203700902701,16,0
2026-04-27T16:47:51.590707+00:00,123409,32.686947,-96.73787,7.63,13.5,1,purpleair,8.23,200.0,0.17500000000000004,5760.399932087341,0.0,-0.49043118523745766,-0.06621003080794036,0.7407203700902701,16,0
2026-04-27T16:47:51.590707+00:00,123453,32.73404,-96.792435,31.464000000000002,57.7,1,purpleair,8.23,200.0,0.17500000000000004,3646.4341089566815,0.0,-7.215033617482493,-0.9740563252774067,0.7407203700902701,16,0
2026-04-27T16:47:51.590707+00:00,128645,32.836563,-96.810425,20.250999999999998,36.3,1,purpleair,8.23,200.0,0.21875,6711.100833581984,0.0,-6.372817208059784,-0.8603539831479377,0.7407203700902701,16,0
2026-04-27T16:47:51.590707+00:00,144032,32.861404,-96.68724,19.447000000000003,34.1,1,purpleair,8.23,200.0,0.0,2572.0493152981167,0.0,-4.922159425966,-0.664509796776096,0.7407203700902701,16,0
2026-04-27T16:47:51.590707+00:00,147038,33.00878,-96.80816,18.266,33.3,1,purpleair,8.23,200.0,0.42000000000000004,1142.797044464357,0.0,-0.7591829928512445,-0.10249252261804603,0.7407203700902701,16,0
2026-04-27T16:47:51.590707+00:00,164965,33.073666,-96.89765,21.588,37.4,1,purpleair,8.23,200.0,0.0,1669.1448611596547,0.0,5.229588801895924,0.7060139039052759,0.7407203700902701,16,0
2026-04-27T16:47:51.590707+00:00,196323,32.960114,-96.6922,20.444000000000003,35.2,1,purpleair,8.23,200.0,0.0,5268.437237855559,0.0,5.550754141581773,0.7493724171383748,0.7407203700902701,16,0
2026-04-27T16:47:51.590707+00:00,196421,32.977444,-96.77611,19.991,35.8,1,purpleair,8.23,200.0,0.42000000000000004,3567.8921900799687,0.0,4.418730526244095,0.5965450262567495,0.7407203700902701,16,0
2026-04-27T16:47:51.590707+00:00,232993,33.017765,-97.00562,22.676,40.8,1,purpleair,8.23,200.0,0.0,4013.4715806583276,0.0,-0.2440461922264725,-0.032947142009437526,0.7407203700902701,16,0
2026-04-27T16:47:51.590707+00:00,233007,33.03821,-97.01968,22.236,39.3,1,purpleair,8.23,200.0,0.0,5433.596187322604,0.0,4.622920414385429,0.6241114192420606,0.7407203700902701,16,0
2026-04-27T16:47:51.590707+00:00,233009,33.031593,-96.970695,22.879,40.7,1,purpleair,8.23,200.0,0.0,3066.541580625272,0.0,-6.496059362813254,-0.8769921315950298,0.7407203700902701,16,0
2026-04-27T16:47:51.590707+00:00,241905,33.01271,-96.51433,16.502000000000002,37.1,1,purpleair,8.23,200.0,0.11111111111111116,2947.8280871776383,0.0,-4.610545541138719,-0.6224407654101427,0.7407203700902701,16,0
2026-04-27T16:47:51.590707+00:00,oaq-2158,32.82,-96.86,6.3,,0,openaq,8.23,200.0,0.0,4159.427902430185,0.0,4.885192506414152,0.6595191253912464,0.7407203700902701,16,0
2026-04-27T16:47:51.590707+00:00,oaq-1867568,32.89577021431647,-96.73548973413885,36.8,,0,openaq,8.23,200.0,0.0,5210.636893890105,0.0,-5.336066018673705,-0.7203887234832504,0.7407203700902701,16,0
2026-04-27T16:47:51.590707+00:00,oaq-2027502,32.989152,-96.595809,42.7,,0,openaq,8.23,200.0,0.11111111111111116,5093.341368842008,0.0,4.687311193557524,0.6328044134909224,0.7407203700902701,16,0
2026-04-27T16:47:51.590707+00:00,oaq-2687422,33.02671501396604,-96.73049880638965,44.6,,0,openaq,8.23,200.0,0.0,2984.78864518261,0.0,-4.408429277898368,-0.5951543194851144,0.7407203700902701,16,0
2026-04-27T16:47:51.590707+00:00,oaq-2823991,32.89718802827573,-96.9215209285234,31.5,,0,openaq,8.23,200.0,0.0,5112.196176514755,0.0,6.597210656817324,0.8906479318252494,0.7407203700902701,16,0
2026-04-27T16:47:51.590707+00:00,oaq-3305184,32.924653,-96.968995,41.2,,0,openaq,8.23,200.0,0.0,531.8995123604027,0.0,7.1500136019861,0.9652783817886285,0.7407203700902701,16,0
2026-04-27T16:47:51.590707+00:00,oaq-4806780,32.74504,-96.75339,14.0,,0,openaq,8.23,200.0,0.0,5196.790845437736,0.0,6.616822902624028,0.8932956578226204,0.7407203700902701,16,0
2026-04-27T16:47:51.590707+00:00,oaq-6154898,33.0104851,-96.8130788,37.1,,0,openaq,8.23,200.0,0.42000000000000004,1638.688811699866,0.0,-0.6236914219729388,-0.08420065751626768,0.7407203700902701,16,0
2026-04-27T16:47:51.590707+00:00,oaq-6280493,32.779668,-96.790561,36.3,,0,openaq,8.23,200.0,0.21875,675.1734413727568,0.0,-5.194365664844637,-0.7012586496320615,0.7407203700902701,16,0
2026-04-29T00:51:58.813623+00:00,266465,32.995834,-96.725136,25.240000000000002,49.0,1,purpleair,5.66,170.0,0.0,1480.951781327029,0.0,3.006777516881179,0.48948423411003045,0.6142746399887703,0,2
2026-04-29T00:51:58.813623+00:00,12969,32.991665,-96.85915,0.0,0.0,1,purpleair,5.66,170.0,0.0,2507.0440355846786,0.0,4.264937401864762,0.6943046520596601,0.6142746399887703,0,2
2026-04-29T00:51:58.813623+00:00,280468,32.63575,-97.04373,22.418,43.9,1,purpleair,5.66,170.0,0.0,7365.455147129217,0.0,-1.9693320099980456,-0.3205947115176442,0.6142746399887703,0,2
2026-04-29T00:51:58.813623+00:00,280470,32.70023,-97.00805,22.261000000000003,41.8,1,purpleair,5.66,170.0,0.0,3953.1723168066364,0.0,-0.862483062820406,-0.14040675077131187,0.6142746399887703,0,2
2026-04-29T00:51:58.813623+00:00,280478,32.75621,-96.96507,18.764000000000003,37.2,1,purpleair,5.66,170.0,0.0,6081.035837676344,0.0,-6.0385816172404905,-0.9830426366536771,0.6142746399887703,0,2
2026-04-29T00:51:58.813623+00:00,280474,32.75654,-96.95801,21.278,40.4,1,purpleair,5.66,170.0,0.0,6159.476466012534,0.0,-5.883555884323293,-0.9578054344602036,0.6142746399887703,0,2
2026-04-29T00:51:58.813623+00:00,280940,32.71137,-97.02061,0.0,0.0,1,purpleair,5.66,170.0,0.0,5240.578841840523,0.0,-2.3165765644944845,-0.37712391391199784,0.6142746399887703,0,2
2026-04-29T00:51:58.813623+00:00,283882,32.894684,-96.811386,24.200000000000003,47.0,1,purpleair,5.66,170.0,0.0,3989.4556711593186,0.0,5.348369590790448,0.8706805136686453,0.6142746399887703,0,2
2026-04-29T00:51:58.813623+00:00,305450,32.715767,-96.756905,25.343,47.4,1,purpleair,5.66,170.0,0.0,4078.511198764039,0.0,-1.3785719983951494,-0.224422743289606,0.6142746399887703,0,2
2026-04-29T00:51:58.813623+00:00,53365,33.05041,-96.937004,23.627000000000002,44.1,1,purpleair,5.66,170.0,0.136986301369863,5778.516437614537,0.0,-4.865229862371323,-0.7920284422714025,0.6142746399887703,0,2
2026-04-29T00:51:58.813623+00:00,53389,33.06212,-96.99123,16.294000000000004,36.7,1,purpleair,5.66,170.0,0.0,5832.690369070606,0.0,3.0614540714382055,0.49838522903927346,0.6142746399887703,0,2
2026-04-29T00:51:58.813623+00:00,87721,32.96388,-96.63465,19.482000000000003,37.6,1,purpleair,5.66,170.0,0.0,8566.504721475498,0.0,4.076004911758778,0.66354764569693,0.6142746399887703,0,2
2026-04-29T00:51:58.813623+00:00,90785,32.81998,-96.466545,0.0,0.0,1,purpleair,5.66,170.0,0.0,3700.125907613209,0.0,5.790347025469491,0.9426316257456675,0.6142746399887703,0,2
2026-04-29T00:51:58.813623+00:00,109566,32.576748,-97.008194,24.978,53.4,1,purpleair,5.66,170.0,0.0,4952.915255086903,0.0,-4.480111575694144,-0.7293336374387922,0.6142746399887703,0,2
2026-04-29T00:51:58.813623+00:00,120681,32.97801,-96.97727,20.578,38.4,1,purpleair,5.66,170.0,0.136986301369863,3109.5946676675267,0.0,5.304050435051591,0.8634656373163242,0.6142746399887703,0,2
2026-04-29T00:51:58.813623+00:00,123409,32.686947,-96.73787,5.165,13.5,1,purpleair,5.66,170.0,0.0,5760.399932087341,0.0,2.7124112827038145,0.44156328556122726,0.6142746399887703,0,2
2026-04-29T00:51:58.813623+00:00,123453,32.73404,-96.792435,30.359,57.7,1,purpleair,5.66,170.0,0.0,3646.4341089566815,0.0,-5.876829232039189,-0.9567103783002705,0.6142746399887703,0,2
2026-04-29T00:51:58.813623+00:00,128645,32.836563,-96.810425,24.667,46.1,1,purpleair,5.66,170.0,0.0,6711.100833581984,0.0,-6.14235880282857,-0.999936901666795,0.6142746399887703,0,2
2026-04-29T00:51:58.813623+00:00,144032,32.861404,-96.68724,23.113,45.4,1,purpleair,5.66,170.0,0.0,2572.0493152981167,0.0,-1.2398678349985008,-0.20184258868657953,0.6142746399887703,0,2
2026-04-29T00:51:58.813623+00:00,147038,33.00878,-96.80816,19.466,42.8,1,purpleair,5.66,170.0,0.17647058823529416,1142.797044464357,0.0,-3.6004357583462414,-0.5861280157051676,0.6142746399887703,0,2
2026-04-29T00:51:58.813623+00:00,164965,33.073666,-96.89765,22.918,42.9,1,purpleair,5.66,170.0,0.0,1669.1448611596547,0.0,1.5806944428017566,0.2573269902255209,0.6142746399887703,0,2
2026-04-29T00:51:58.813623+00:00,196323,32.960114,-96.6922,24.28,46.5,1,purpleair,5.66,170.0,0.0,5268.437237855559,0.0,6.020198180205673,0.9800499301608366,0.6142746399887703,0,2
2026-04-29T00:51:58.813623+00:00,196421,32.977444,-96.77611,23.462,44.6,1,purpleair,5.66,170.0,0.17647058823529416,3567.8921900799687,0.0,5.638506485192143,0.9179129526322658,0.6142746399887703,0,2
2026-04-29T00:51:58.813623+00:00,232993,33.017765,-97.00562,23.287000000000003,44.1,1,purpleair,5.66,170.0,0.136986301369863,4013.4715806583276,0.0,-3.2449771013942943,-0.5282616097343065,0.6142746399887703,0,2
2026-04-29T00:51:58.813623+00:00,233007,33.03821,-97.01968,23.112000000000002,43.6,1,purpleair,5.66,170.0,0.0,5433.596187322604,0.0,5.71990443870511,0.9311640211631848,0.6142746399887703,0,2
2026-04-29T00:51:58.813623+00:00,233009,33.031593,-96.970695,23.944000000000003,45.2,1,purpleair,5.66,170.0,0.136986301369863,3066.541580625272,0.0,-6.14120968608129,-0.9997498327773322,0.6142746399887703,0,2
2026-04-29T00:51:58.813623+00:00,241905,33.01271,-96.51433,20.974000000000004,45.7,1,purpleair,5.66,170.0,0.0,2947.8280871776383,0.0,-0.9073822939410991,-0.14771605970216958,0.6142746399887703,0,2
2026-04-29T00:51:58.813623+00:00,oaq-2158,32.82,-96.86,6.3,,0,openaq,5.66,170.0,0.0,4159.427902430185,0.0,5.817206691915561,0.9470042084143189,0.6142746399887703,0,2
2026-04-29T00:51:58.813623+00:00,oaq-1867568,32.89577021431647,-96.73548973413885,41.9,,0,openaq,5.66,170.0,0.0,5210.636893890105,0.0,-5.962519465387027,-0.9706602026572397,0.6142746399887703,0,2
2026-04-29T00:51:58.813623+00:00,oaq-2027502,32.989152,-96.595809,50.0,,0,openaq,5.66,170.0,0.0,5093.341368842008,0.0,0.9881766035297106,0.1608688588459025,0.6142746399887703,0,2
2026-04-29T00:51:58.813623+00:00,oaq-2687422,33.02671501396604,-96.73049880638965,46.6,,0,openaq,5.66,170.0,0.0,2984.78864518261,0.0,-5.634277351397229,-0.9172244765794385,0.6142746399887703,0,2
2026-04-29T00:51:58.813623+00:00,oaq-2823991,32.89718802827573,-96.9215209285234,31.2,,0,openaq,5.66,170.0,0.0,5112.196176514755,0.0,3.3415123859818214,0.5439769393772969,0.6142746399887703,0,2
2026-04-29T00:51:58.813623+00:00,oaq-3305184,32.924653,-96.968995,40.1,,0,openaq,5.66,170.0,0.0,531.8995123604027,0.0,4.332748816602534,0.7053439185901834,0.6142746399887703,0,2
2026-04-29T00:51:58.813623+00:00,oaq-4806780,32.74504,-96.75339,26.6,,0,openaq,5.66,170.0,0.0,5196.790845437736,0.0,3.3716426996175337,0.5488819625825953,0.6142746399887703,0,2
2026-04-29T00:51:58.813623+00:00,oaq-6154898,33.0104851,-96.8130788,41.9,,0,openaq,5.66,170.0,0.17647058823529416,1638.688811699866,0.0,-3.5083947033436225,-0.5711443180216198,0.6142746399887703,0,2
2026-04-29T00:51:58.813623+00:00,oaq-6280493,32.779668,-96.790561,41.8,,0,openaq,5.66,170.0,0.0,675.1734413727568,0.0,-1.540934561856821,-0.2508543347784944,0.6142746399887703,0,2
2026-04-29T04:23:27.986389+00:00,266465,32.995834,-96.725136,25.793,49.9,1,purpleair,2.57,20.0,0.0,1480.951781327029,0.0,-3.559384201257762,-0.8599118550033447,0.413924308700677,4,2
2026-04-29T04:23:27.986389+00:00,12969,32.991665,-96.85915,0.0,0.0,1,purpleair,2.57,20.0,0.0,2507.0440355846786,0.0,-0.9993989657026794,-0.2414448595299532,0.413924308700677,4,2
2026-04-29T04:23:27.986389+00:00,280468,32.63575,-97.04373,3.948,7.4,1,purpleair,2.57,20.0,0.0,7365.455147129217,0.0,-0.8111470523643343,-0.19596506784309273,0.413924308700677,4,2
2026-04-29T04:23:27.986389+00:00,280470,32.70023,-97.00805,6.041,9.3,1,purpleair,2.57,20.0,0.0,3953.1723168066364,0.0,-1.5458050511659194,-0.3734511403831913,0.413924308700677,4,2
2026-04-29T04:23:27.986389+00:00,280478,32.75621,-96.96507,18.764000000000003,37.2,1,purpleair,2.57,20.0,0.0,6081.035837676344,0.0,3.9034240547892662,0.9430284650452766,0.413924308700677,4,2
2026-04-29T04:23:27.986389+00:00,280474,32.75654,-96.95801,22.805,43.5,1,purpleair,2.57,20.0,0.0,6159.476466012534,0.0,4.028280442181945,0.9731925275968594,0.413924308700677,4,2
2026-04-29T04:23:27.986389+00:00,280940,32.71137,-97.02061,1.0349999999999993,0.0,1,purpleair,2.57,20.0,0.0,5240.578841840523,0.0,-0.5649343107183046,-0.13648251596811342,0.413924308700677,4,2
2026-04-29T04:23:27.986389+00:00,283882,32.894684,-96.811386,24.498,47.9,1,purpleair,2.57,20.0,0.0,3989.4556711593186,0.0,-4.1390607351826905,-0.9999559456112516,0.413924308700677,4,2
2026-04-29T04:23:27.986389+00:00,305450,32.715767,-96.756905,24.871,47.8,1,purpleair,2.57,20.0,0.0,4078.511198764039,0.0,2.82131528606526,0.6816017389559623,0.413924308700677,4,2
2026-04-29T04:23:27.986389+00:00,53365,33.05041,-96.937004,16.404,30.7,1,purpleair,2.57,20.0,0.0,5778.516437614537,0.0,4.102647404278338,0.9911588466878627,0.413924308700677,4,2
2026-04-29T04:23:27.986389+00:00,53389,33.06212,-96.99123,6.663999999999999,17.2,1,purpleair,2.57,20.0,0.0,5832.690369070606,0.0,0.007713787262988422,0.0018635743542586983,0.413924308700677,4,2
2026-04-29T04:23:27.986389+00:00,87721,32.96388,-96.63465,19.345,37.5,1,purpleair,2.57,20.0,0.0,8566.504721475498,0.0,-0.8302580892233509,-0.20058210445034272,0.413924308700677,4,2
2026-04-29T04:23:27.986389+00:00,90785,32.81998,-96.466545,0.0,0.0,1,purpleair,2.57,20.0,0.0,3700.125907613209,0.0,-4.069953369322853,-0.9832602927087275,0.413924308700677,4,2
2026-04-29T04:23:27.986389+00:00,109566,32.576748,-97.008194,3.8210000000000006,8.3,1,purpleair,2.57,20.0,0.0,4952.915255086903,0.0,1.1984861991100826,0.2895423568797332,0.413924308700677,4,2
2026-04-29T04:23:27.986389+00:00,120681,32.97801,-96.97727,13.246,24.3,1,purpleair,2.57,20.0,0.0,3109.5946676675267,0.0,-4.139189318402739,-0.9999870100395408,0.413924308700677,4,2
2026-04-29T04:23:27.986389+00:00,123409,32.686947,-96.73787,5.505,13.5,1,purpleair,2.57,20.0,0.0,5760.399932087341,0.0,0.2740594123122719,0.06621003080794023,0.413924308700677,4,2
2026-04-29T04:23:27.986389+00:00,123453,32.73404,-96.792435,30.019000000000002,57.7,1,purpleair,2.57,20.0,0.0,3646.4341089566815,0.0,4.031855910759724,0.9740563252774067,0.413924308700677,4,2
2026-04-29T04:23:27.986389+00:00,128645,32.836563,-96.810425,24.204000000000004,45.7,1,purpleair,2.57,20.0,0.0,6711.100833581984,0.0,3.561214277123841,0.8603539831479379,0.413924308700677,4,2
2026-04-29T04:23:27.986389+00:00,144032,32.861404,-96.68724,23.019000000000002,46.2,1,purpleair,2.57,20.0,0.0,2572.0493152981167,0.0,2.7505675825537295,0.6645097967760961,0.413924308700677,4,2
2026-04-29T04:23:27.986389+00:00,147038,33.00878,-96.80816,18.374000000000002,40.7,1,purpleair,2.57,20.0,0.0,1142.797044464357,0.0,0.4242414657166316,0.10249252261804594,0.413924308700677,4,2
2026-04-29T04:23:27.986389+00:00,164965,33.073666,-96.89765,14.669,27.2,1,purpleair,2.57,20.0,0.0,1669.1448611596547,0.0,-2.9223631710705744,-0.7060139039052757,0.413924308700677,4,2
2026-04-29T04:23:27.986389+00:00,196323,32.960114,-96.6922,24.124000000000002,46.2,1,purpleair,2.57,20.0,0.0,5268.437237855559,0.0,-3.101834597233571,-0.7493724171383748,0.413924308700677,4,2
2026-04-29T04:23:27.986389+00:00,196421,32.977444,-96.77611,22.677,42.6,1,purpleair,2.57,20.0,0.0,3567.8921900799687,0.0,-2.469244876021523,-0.5965450262567497,0.413924308700677,4,2
2026-04-29T04:23:27.986389+00:00,232993,33.017765,-97.00562,14.301000000000002,27.8,1,purpleair,2.57,20.0,0.0,4013.4715806583276,0.0,0.13637622979919511,0.03294714200943765,0.413924308700677,4,2
2026-04-29T04:23:27.986389+00:00,233007,33.03821,-97.01968,13.332,26.1,1,purpleair,2.57,20.0,0.0,5433.596187322604,0.0,-2.583348877619684,-0.6241114192420607,0.413924308700677,4,2
2026-04-29T04:23:27.986389+00:00,233009,33.031593,-96.970695,14.107,27.1,1,purpleair,2.57,20.0,0.0,3066.541580625272,0.0,3.630083618064059,0.8769921315950299,0.413924308700677,4,2
2026-04-29T04:23:27.986389+00:00,241905,33.01271,-96.51433,21.494000000000003,46.7,1,purpleair,2.57,20.0,0.0,2947.8280871776383,0.0,2.5764336352951362,0.6224407654101428,0.413924308700677,4,2
2026-04-29T04:23:27.986389+00:00,oaq-2158,32.82,-96.86,6.3,,0,openaq,2.57,20.0,0.0,4159.427902430185,0.0,-2.7299099805244675,-0.6595191253912464,0.413924308700677,4,2
2026-04-29T04:23:27.986389+00:00,oaq-1867568,32.89577021431647,-96.73548973413885,44.4,,0,openaq,2.57,20.0,0.0,5210.636893890105,0.0,2.981864043635676,0.7203887234832504,0.413924308700677,4,2
2026-04-29T04:23:27.986389+00:00,oaq-2027502,32.989152,-96.595809,53.5,,0,openaq,2.57,20.0,0.0,5093.341368842008,0.0,-2.619331293969675,-0.6328044134909226,0.413924308700677,4,2
2026-04-29T04:23:27.986389+00:00,oaq-2687422,33.02671501396604,-96.73049880638965,51.8,,0,openaq,2.57,20.0,0.0,2984.78864518261,0.0,2.463488402630979,0.5951543194851145,0.413924308700677,4,2
2026-04-29T04:23:27.986389+00:00,oaq-2823991,32.89718802827573,-96.9215209285234,30.9,,0,openaq,2.57,20.0,0.0,5112.196176514755,0.0,-3.6866082947645413,-0.8906479318252496,0.413924308700677,4,2
2026-04-29T04:23:27.986389+00:00,oaq-3305184,32.924653,-96.968995,35.9,,0,openaq,2.57,20.0,0.0,531.8995123604027,0.0,-3.9955218688556613,-0.9652783817886285,0.413924308700677,4,2
2026-04-29T04:23:27.986389+00:00,oaq-4806780,32.74504,-96.75339,31.9,,0,openaq,2.57,20.0,0.14925373134328357,5196.790845437736,0.0,-3.697567876295447,-0.8932956578226205,0.413924308700677,4,2
2026-04-29T04:23:27.986389+00:00,oaq-6154898,33.0104851,-96.8130788,46.1,,0,openaq,2.57,20.0,0.0,1638.688811699866,0.0,0.3485269895456361,0.0842006575162678,0.413924308700677,4,2
2026-04-29T04:23:27.986389+00:00,oaq-6280493,32.779668,-96.790561,46.0,,0,openaq,2.57,20.0,0.0,675.1734413727568,0.0,2.9026800176932124,0.7012586496320613,0.413924308700677,4,2
2026-04-29T04:39:29.725095+00:00,266465,32.995834,-96.725136,25.741,49.8,1,purpleair,2.57,20.0,0.0,1480.951781327029,0.0,-3.559384201257762,-0.8599118550033447,0.413924308700677,4,2
2026-04-29T04:39:29.725095+00:00,12969,32.991665,-96.85915,0.0,0.0,1,purpleair,2.57,20.0,0.0,2507.0440355846786,0.0,-0.9993989657026794,-0.2414448595299532,0.413924308700677,4,2
2026-04-29T04:39:29.725095+00:00,280468,32.63575,-97.04373,3.9669999999999996,7.6,1,purpleair,2.57,20.0,0.0,7365.455147129217,0.0,-0.8111470523643343,-0.19596506784309273,0.413924308700677,4,2
2026-04-29T04:39:29.725095+00:00,280470,32.70023,-97.00805,5.975,9.5,1,purpleair,2.57,20.0,0.0,3953.1723168066364,0.0,-1.5458050511659194,-0.3734511403831913,0.413924308700677,4,2
2026-04-29T04:39:29.725095+00:00,280478,32.75621,-96.96507,18.764000000000003,37.2,1,purpleair,2.57,20.0,0.0,6081.035837676344,0.0,3.9034240547892662,0.9430284650452766,0.413924308700677,4,2
2026-04-29T04:39:29.725095+00:00,280474,32.75654,-96.95801,22.129000000000005,42.2,1,purpleair,2.57,20.0,0.0,6159.476466012534,0.0,4.028280442181945,0.9731925275968594,0.413924308700677,4,2
2026-04-29T04:39:29.725095+00:00,280940,32.71137,-97.02061,0.8649999999999993,0.0,1,purpleair,2.57,20.0,0.0,5240.578841840523,0.0,-0.5649343107183046,-0.13648251596811342,0.413924308700677,4,2
2026-04-29T04:39:29.725095+00:00,283882,32.894684,-96.811386,24.498,47.9,1,purpleair,2.57,20.0,0.0,3989.4556711593186,0.0,-4.1390607351826905,-0.9999559456112516,0.413924308700677,4,2
2026-04-29T04:39:29.725095+00:00,305450,32.715767,-96.756905,24.838,47.9,1,purpleair,2.57,20.0,0.0,4078.511198764039,0.0,2.82131528606526,0.6816017389559623,0.413924308700677,4,2
2026-04-29T04:39:29.725095+00:00,53365,33.05041,-96.937004,13.331,24.3,1,purpleair,2.57,20.0,0.0,5778.516437614537,0.0,4.102647404278338,0.9911588466878627,0.413924308700677,4,2
2026-04-29T04:39:29.725095+00:00,53389,33.06212,-96.99123,5.358999999999999,14.2,1,purpleair,2.57,20.0,0.0,5832.690369070606,0.0,0.007713787262988422,0.0018635743542586983,0.413924308700677,4,2
2026-04-29T04:39:29.725095+00:00,87721,32.96388,-96.63465,19.605,38.0,1,purpleair,2.57,20.0,0.0,8566.504721475498,0.0,-0.8302580892233509,-0.20058210445034272,0.413924308700677,4,2
2026-04-29T04:39:29.725095+00:00,90785,32.81998,-96.466545,0.0,0.0,1,purpleair,2.57,20.0,0.0,3700.125907613209,0.0,-4.069953369322853,-0.9832602927087275,0.413924308700677,4,2
2026-04-29T04:39:29.725095+00:00,109566,32.576748,-97.008194,3.9960000000000004,8.8,1,purpleair,2.57,20.0,0.0,4952.915255086903,0.0,1.1984861991100826,0.2895423568797332,0.413924308700677,4,2
2026-04-29T04:39:29.725095+00:00,120681,32.97801,-96.97727,9.568,16.9,1,purpleair,2.57,20.0,0.0,3109.5946676675267,0.0,-4.139189318402739,-0.9999870100395408,0.413924308700677,4,2
2026-04-29T04:39:29.725095+00:00,123409,32.686947,-96.73787,5.165,13.5,1,purpleair,2.57,20.0,0.0,5760.399932087341,0.0,0.2740594123122719,0.06621003080794023,0.413924308700677,4,2
2026-04-29T04:39:29.725095+00:00,123453,32.73404,-96.792435,30.019000000000002,57.7,1,purpleair,2.57,20.0,0.0,3646.4341089566815,0.0,4.031855910759724,0.9740563252774067,0.413924308700677,4,2
2026-04-29T04:39:29.725095+00:00,128645,32.836563,-96.810425,24.464000000000002,46.2,1,purpleair,2.57,20.0,0.0,6711.100833581984,0.0,3.561214277123841,0.8603539831479379,0.413924308700677,4,2
2026-04-29T04:39:29.725095+00:00,144032,32.861404,-96.68724,22.882,46.1,1,purpleair,2.57,20.0,0.0,2572.0493152981167,0.0,2.7505675825537295,0.6645097967760961,0.413924308700677,4,2
2026-04-29T04:39:29.725095+00:00,147038,33.00878,-96.80816,17.698,39.4,1,purpleair,2.57,20.0,0.0,1142.797044464357,0.0,0.4242414657166316,0.10249252261804594,0.413924308700677,4,2
2026-04-29T04:39:29.725095+00:00,164965,33.073666,-96.89765,10.925,20.0,1,purpleair,2.57,20.0,0.0,1669.1448611596547,0.0,-2.9223631710705744,-0.7060139039052757,0.413924308700677,4,2
2026-04-29T04:39:29.725095+00:00,196323,32.960114,-96.6922,24.228,46.4,1,purpleair,2.57,20.0,0.0,5268.437237855559,0.0,-3.101834597233571,-0.7493724171383748,0.413924308700677,4,2
2026-04-29T04:39:29.725095+00:00,196421,32.977444,-96.77611,22.436,42.3,1,purpleair,2.57,20.0,0.0,3567.8921900799687,0.0,-2.469244876021523,-0.5965450262567497,0.413924308700677,4,2
2026-04-29T04:39:29.725095+00:00,232993,33.017765,-97.00562,11.02,21.0,1,purpleair,2.57,20.0,0.0,4013.4715806583276,0.0,0.13637622979919511,0.03294714200943765,0.413924308700677,4,2
2026-04-29T04:39:29.725095+00:00,233007,33.03821,-97.01968,10.107999999999999,19.9,1,purpleair,2.57,20.0,0.0,5433.596187322604,0.0,-2.583348877619684,-0.6241114192420607,0.413924308700677,4,2
2026-04-29T04:39:29.725095+00:00,233009,33.031593,-96.970695,10.968,20.9,1,purpleair,2.57,20.0,0.0,3066.541580625272,0.0,3.630083618064059,0.8769921315950299,0.413924308700677,4,2
2026-04-29T04:39:29.725095+00:00,241905,33.01271,-96.51433,21.286,46.3,1,purpleair,2.57,20.0,0.0,2947.8280871776383,0.0,2.5764336352951362,0.6224407654101428,0.413924308700677,4,2
2026-04-29T04:39:29.725095+00:00,oaq-2158,32.82,-96.86,6.3,,0,openaq,2.57,20.0,0.0,4159.427902430185,0.0,-2.7299099805244675,-0.6595191253912464,0.413924308700677,4,2
2026-04-29T04:39:29.725095+00:00,oaq-1867568,32.89577021431647,-96.73548973413885,44.4,,0,openaq,2.57,20.0,0.0,5210.636893890105,0.0,2.981864043635676,0.7203887234832504,0.413924308700677,4,2
2026-04-29T04:39:29.725095+00:00,oaq-2027502,32.989152,-96.595809,53.5,,0,openaq,2.57,20.0,0.0,5093.341368842008,0.0,-2.619331293969675,-0.6328044134909226,0.413924308700677,4,2
2026-04-29T04:39:29.725095+00:00,oaq-2687422,33.02671501396604,-96.73049880638965,51.8,,0,openaq,2.57,20.0,0.0,2984.78864518261,0.0,2.463488402630979,0.5951543194851145,0.413924308700677,4,2
2026-04-29T04:39:29.725095+00:00,oaq-2823991,32.89718802827573,-96.9215209285234,30.9,,0,openaq,2.57,20.0,0.0,5112.196176514755,0.0,-3.6866082947645413,-0.8906479318252496,0.413924308700677,4,2
2026-04-29T04:39:29.725095+00:00,oaq-3305184,32.924653,-96.968995,35.9,,0,openaq,2.57,20.0,0.0,531.8995123604027,0.0,-3.9955218688556613,-0.9652783817886285,0.413924308700677,4,2
2026-04-29T04:39:29.725095+00:00,oaq-4806780,32.74504,-96.75339,31.9,,0,openaq,2.57,20.0,0.1470588235294118,5196.790845437736,0.0,-3.697567876295447,-0.8932956578226205,0.413924308700677,4,2
2026-04-29T04:39:29.725095+00:00,oaq-6154898,33.0104851,-96.8130788,46.1,,0,openaq,2.57,20.0,0.0,1638.688811699866,0.0,0.3485269895456361,0.0842006575162678,0.413924308700677,4,2
2026-04-29T04:39:29.725095+00:00,oaq-6280493,32.779668,-96.790561,46.0,,0,openaq,2.57,20.0,0.0,675.1734413727568,0.0,2.9026800176932124,0.7012586496320613,0.413924308700677,4,2
2026-04-29T04:54:55.860169+00:00,266465,32.995834,-96.725136,20.848000000000003,39.9,1,purpleair,0.0,0.0,0.0,1480.951781327029,0.0,0.0,0.0,0.0,4,2
2026-04-29T04:54:55.860169+00:00,12969,32.991665,-96.85915,0.0,0.0,1,purpleair,0.0,0.0,0.0,2507.0440355846786,0.0,0.0,0.0,0.0,4,2
2026-04-29T04:54:55.860169+00:00,280468,32.63575,-97.04373,4.019,7.7,1,purpleair,0.0,0.0,0.0,7365.455147129217,0.0,0.0,0.0,0.0,4,2
2026-04-29T04:54:55.860169+00:00,280470,32.70023,-97.00805,5.961,9.8,1,purpleair,0.0,0.0,0.0,3953.1723168066364,0.0,0.0,0.0,0.0,4,2
2026-04-29T04:54:55.860169+00:00,280478,32.75621,-96.96507,18.764000000000003,37.2,1,purpleair,0.0,0.0,0.0,6081.035837676344,0.0,0.0,0.0,0.0,4,2
2026-04-29T04:54:55.860169+00:00,280474,32.75654,-96.95801,21.330000000000002,40.5,1,purpleair,0.0,0.0,0.0,6159.476466012534,0.0,0.0,0.0,0.0,4,2
2026-04-29T04:54:55.860169+00:00,280940,32.71137,-97.02061,1.0349999999999993,0.0,1,purpleair,0.0,0.0,0.0,5240.578841840523,0.0,0.0,0.0,0.0,4,2
2026-04-29T04:54:55.860169+00:00,283882,32.894684,-96.811386,24.498,47.9,1,purpleair,0.0,0.0,0.0,3989.4556711593186,0.0,0.0,0.0,0.0,4,2
2026-04-29T04:54:55.860169+00:00,305450,32.715767,-96.756905,24.785999999999998,47.8,1,purpleair,0.0,0.0,0.0,4078.511198764039,0.0,0.0,0.0,0.0,4,2
2026-04-29T04:54:55.860169+00:00,53365,33.05041,-96.937004,12.030999999999999,21.8,1,purpleair,0.0,0.0,0.0,5778.516437614537,0.0,0.0,0.0,0.0,4,2
2026-04-29T04:54:55.860169+00:00,53389,33.06212,-96.99123,4.215,12.0,1,purpleair,0.0,0.0,0.0,5832.690369070606,0.0,0.0,0.0,0.0,4,2
2026-04-29T04:54:55.860169+00:00,87721,32.96388,-96.63465,19.515,37.5,1,purpleair,0.0,0.0,0.0,8566.504721475498,0.0,0.0,0.0,0.0,4,2
2026-04-29T04:54:55.860169+00:00,90785,32.81998,-96.466545,0.0,0.0,1,purpleair,0.0,0.0,0.0,3700.125907613209,0.0,0.0,0.0,0.0,4,2
2026-04-29T04:54:55.860169+00:00,109566,32.576748,-97.008194,4.223,9.4,1,purpleair,0.0,0.0,0.0,4952.915255086903,0.0,0.0,0.0,0.0,4,2
2026-04-29T04:54:55.860169+00:00,120681,32.97801,-96.97727,7.331999999999999,12.6,1,purpleair,0.0,0.0,0.0,3109.5946676675267,0.0,0.0,0.0,0.0,4,2
2026-04-29T04:54:55.860169+00:00,123409,32.686947,-96.73787,5.25,13.5,1,purpleair,0.0,0.0,0.0,5760.399932087341,0.0,0.0,0.0,0.0,4,2
2026-04-29T04:54:55.860169+00:00,123453,32.73404,-96.792435,30.019000000000002,57.7,1,purpleair,0.0,0.0,0.0,3646.4341089566815,0.0,0.0,0.0,0.0,4,2
2026-04-29T04:54:55.860169+00:00,128645,32.836563,-96.810425,24.880000000000003,47.0,1,purpleair,0.0,0.0,0.0,6711.100833581984,0.0,0.0,0.0,0.0,4,2
2026-04-29T04:54:55.860169+00:00,144032,32.861404,-96.68724,22.882,46.1,1,purpleair,0.0,0.0,0.0,2572.0493152981167,0.0,0.0,0.0,0.0,4,2
2026-04-29T04:54:55.860169+00:00,147038,33.00878,-96.80816,14.318000000000001,32.9,1,purpleair,0.0,0.0,0.0,1142.797044464357,0.0,0.0,0.0,0.0,4,2
2026-04-29T04:54:55.860169+00:00,164965,33.073666,-96.89765,9.639,17.2,1,purpleair,0.0,0.0,0.0,1669.1448611596547,0.0,0.0,0.0,0.0,4,2
2026-04-29T04:54:55.860169+00:00,196323,32.960114,-96.6922,24.351,46.8,1,purpleair,0.0,0.0,0.0,5268.437237855559,0.0,0.0,0.0,0.0,4,2
2026-04-29T04:54:55.860169+00:00,196421,32.977444,-96.77611,20.8,38.5,1,purpleair,0.0,0.0,0.0,3567.8921900799687,0.0,0.0,0.0,0.0,4,2
2026-04-29T04:54:55.860169+00:00,232993,33.017765,-97.00562,9.337,17.6,1,purpleair,0.0,0.0,0.0,4013.4715806583276,0.0,0.0,0.0,0.0,4,2
2026-04-29T04:54:55.860169+00:00,233007,33.03821,-97.01968,8.6,17.0,1,purpleair,0.0,0.0,0.0,5433.596187322604,0.0,0.0,0.0,0.0,4,2
2026-04-29T04:54:55.860169+00:00,233009,33.031593,-96.970695,9.753,18.4,1,purpleair,0.0,0.0,0.0,3066.541580625272,0.0,0.0,0.0,0.0,4,2
2026-04-29T04:54:55.860169+00:00,241905,33.01271,-96.51433,15.722000000000001,35.6,1,purpleair,0.0,0.0,0.0,2947.8280871776383,0.0,0.0,0.0,0.0,4,2
2026-04-29T04:54:55.860169+00:00,oaq-2158,32.82,-96.86,6.3,,0,openaq,0.0,0.0,0.0,4159.427902430185,0.0,0.0,0.0,0.0,4,2
2026-04-29T04:54:55.860169+00:00,oaq-1867568,32.89577021431647,-96.73548973413885,44.4,,0,openaq,0.0,0.0,0.0,5210.636893890105,0.0,0.0,0.0,0.0,4,2
2026-04-29T04:54:55.860169+00:00,oaq-2027502,32.989152,-96.595809,53.5,,0,openaq,0.0,0.0,0.0,5093.341368842008,0.0,0.0,0.0,0.0,4,2
2026-04-29T04:54:55.860169+00:00,oaq-2687422,33.02671501396604,-96.73049880638965,51.8,,0,openaq,0.0,0.0,0.0,2984.78864518261,0.0,0.0,0.0,0.0,4,2
2026-04-29T04:54:55.860169+00:00,oaq-2823991,32.89718802827573,-96.9215209285234,30.9,,0,openaq,0.0,0.0,0.0,5112.196176514755,0.0,0.0,0.0,0.0,4,2
2026-04-29T04:54:55.860169+00:00,oaq-3305184,32.924653,-96.968995,35.9,,0,openaq,0.0,0.0,0.0,531.8995123604027,0.0,0.0,0.0,0.0,4,2
2026-04-29T04:54:55.860169+00:00,oaq-4806780,32.74504,-96.75339,31.0,,0,openaq,0.0,0.0,0.0,5196.790845437736,0.0,0.0,0.0,0.0,4,2
2026-04-29T04:54:55.860169+00:00,oaq-6154898,33.0104851,-96.8130788,46.1,,0,openaq,0.0,0.0,0.0,1638.688811699866,0.0,0.0,0.0,0.0,4,2
2026-04-29T04:54:55.860169+00:00,oaq-6280493,32.779668,-96.790561,46.0,,0,openaq,0.0,0.0,0.0,675.1734413727568,0.0,0.0,0.0,0.0,4,2
2026-04-30T00:26:48.175285+00:00,266465,32.995834,-96.725136,4.004,6.2,1,purpleair,4.63,40.0,0.0,1480.951781327029,0.0,-5.459298694307183,-0.9826344603829537,0.5555777773333511,0,3
2026-04-30T00:26:48.175285+00:00,12969,32.991665,-96.85915,0.0,0.0,1,purpleair,4.63,40.0,0.0,2507.0440355846786,0.0,0.5834531550211248,0.10501736729312128,0.5555777773333511,0,3
2026-04-30T00:26:48.175285+00:00,280468,32.63575,-97.04373,4.873999999999999,8.2,1,purpleair,4.63,40.0,0.0,7365.455147129217,0.0,-2.8864243439284727,-0.519535600898701,0.5555777773333511,0,3
2026-04-30T00:26:48.175285+00:00,280470,32.70023,-97.00805,4.334999999999999,7.0,1,purpleair,4.63,40.0,0.0,3953.1723168066364,0.0,-3.7123941300747667,-0.6682042157793687,0.5555777773333511,0,3
2026-04-30T00:26:48.175285+00:00,280478,32.75621,-96.96507,18.764000000000003,37.2,1,purpleair,4.63,40.0,0.0,6081.035837676344,0.0,4.291075320130685,0.7723626637348392,0.5555777773333511,0,3
2026-04-30T00:26:48.175285+00:00,280474,32.75654,-96.95801,5.005999999999999,7.8,1,purpleair,4.63,40.0,0.0,6159.476466012534,0.0,4.643741026033511,0.835839951756607,0.5555777773333511,0,3
2026-04-30T00:26:48.175285+00:00,280940,32.71137,-97.02061,0.9499999999999993,0.0,1,purpleair,4.63,40.0,0.0,5240.578841840523,0.0,-2.5949443251898847,-0.467071296055979,0.5555777773333511,0,3
2026-04-30T00:26:48.175285+00:00,283882,32.894684,-96.811386,4.321,7.3,1,purpleair,4.63,40.0,0.0,3989.4556711593186,0.0,-5.2026572207306785,-0.936440842846931,0.5555777773333511,0,3
2026-04-30T00:26:48.175285+00:00,305450,32.715767,-96.756905,3.768,6.4,1,purpleair,4.63,40.0,0.0,4078.511198764039,0.0,4.948866006341501,0.8907602514439922,0.5555777773333511,0,3
2026-04-30T00:26:48.175285+00:00,53365,33.05041,-96.937004,6.216,9.8,1,purpleair,4.63,40.0,0.0,5778.516437614537,0.0,5.426684225565638,0.976764090819562,0.5555777773333511,0,3
2026-04-30T00:26:48.175285+00:00,53389,33.06212,-96.99123,2.086,4.8,1,purpleair,4.63,40.0,0.0,5832.690369070606,0.0,1.909913816922828,0.34377073649165496,0.5555777773333511,0,3
2026-04-30T00:26:48.175285+00:00,87721,32.96388,-96.63465,3.0299999999999994,4.0,1,purpleair,4.63,40.0,0.0,8566.504721475498,0.0,0.8143865110769194,0.14658370876275725,0.5555777773333511,0,3
2026-04-30T00:26:48.175285+00:00,90785,32.81998,-96.466545,0.0,0.0,1,purpleair,4.63,40.0,0.0,3700.125907613209,0.0,-4.78710346851956,-0.8616441592564383,0.5555777773333511,0,3
2026-04-30T00:26:48.175285+00:00,109566,32.576748,-97.008194,7.686999999999999,14.1,1,purpleair,4.63,40.0,0.0,4952.915255086903,0.0,-0.3071731936767487,-0.055288963347510274,0.5555777773333511,0,3
2026-04-30T00:26:48.175285+00:00,120681,32.97801,-96.97727,2.59,2.5,1,purpleair,4.63,40.0,0.0,3109.5946676675267,0.0,-5.230340881085851,-0.941423702400466,0.5555777773333511,0,3
2026-04-30T00:26:48.175285+00:00,123409,32.686947,-96.73787,6.1,13.5,1,purpleair,4.63,40.0,0.0,5760.399932087341,0.0,2.2416825996372305,0.40348672878832637,0.5555777773333511,0,3
2026-04-30T00:26:48.175285+00:00,123453,32.73404,-96.792435,30.699,57.7,1,purpleair,4.63,40.0,0.0,3646.4341089566815,0.0,4.655255249662961,0.8379124291124717,0.5555777773333511,0,3
2026-04-30T00:26:48.175285+00:00,128645,32.836563,-96.810425,2.519,2.2,1,purpleair,4.63,40.0,0.16666666666666663,6711.100833581984,0.0,3.523150089560298,0.6341416509621082,0.5555777773333511,0,3
2026-04-30T00:26:48.175285+00:00,144032,32.861404,-96.68724,3.4749999999999996,6.0,1,purpleair,4.63,40.0,0.0,2572.0493152981167,0.0,4.889193401632134,0.8800196122132833,0.5555777773333511,0,3
2026-04-30T00:26:48.175285+00:00,147038,33.00878,-96.80816,0.3179999999999996,1.4,1,purpleair,4.63,40.0,0.3921568627450981,1142.797044464357,0.0,-1.35509598420814,-0.24390752105174132,0.5555777773333511,0,3
2026-04-30T00:26:48.175285+00:00,164965,33.073666,-96.89765,3.8380000000000005,4.9,1,purpleair,4.63,40.0,0.0,1669.1448611596547,0.0,-5.031612516568677,-0.9056540275457542,0.5555777773333511,0,3
2026-04-30T00:26:48.175285+00:00,196323,32.960114,-96.6922,4.065,5.5,1,purpleair,4.63,40.0,0.0,5268.437237855559,0.0,-2.65405902705363,-0.47771151679113566,0.5555777773333511,0,3
2026-04-30T00:26:48.175285+00:00,196421,32.977444,-96.77611,4.045999999999999,5.3,1,purpleair,4.63,40.0,0.3921568627450981,3567.8921900799687,0.0,-1.5893444901262388,-0.2860705656289451,0.5555777773333511,0,3
2026-04-30T00:26:48.175285+00:00,232993,33.017765,-97.00562,4.121999999999999,6.1,1,purpleair,4.63,40.0,0.0,4013.4715806583276,0.0,-1.727148375365628,-0.31087427284358876,0.5555777773333511,0,3
2026-04-30T00:26:48.175285+00:00,233007,33.03821,-97.01968,3.508,5.9,1,purpleair,4.63,40.0,0.0,5433.596187322604,0.0,-1.77362908112394,-0.3192404652390818,0.5555777773333511,0,3
2026-04-30T00:26:48.175285+00:00,233009,33.031593,-96.970695,4.349,6.7,1,purpleair,4.63,40.0,0.0,3066.541580625272,0.0,3.665484032466097,0.6597607359422473,0.5555777773333511,0,3
2026-04-30T00:26:48.175285+00:00,241905,33.01271,-96.51433,0.0,4.7,1,purpleair,4.63,40.0,0.0,2947.8280871776383,0.0,4.73680525642406,0.852590843204648,0.5555777773333511,0,3
2026-04-30T00:26:48.175285+00:00,oaq-2158,32.82,-96.86,6.3,,0,openaq,4.63,40.0,0.0,4159.427902430185,0.0,-2.014818877306249,-0.362652892089552,0.5555777773333511,0,3
2026-04-30T00:26:48.175285+00:00,oaq-1867568,32.89577021431647,-96.73548973413885,5.3,,0,openaq,4.63,40.0,0.0,5210.636893890105,0.0,2.443035903090631,0.4397288737531324,0.5555777773333511,0,3
2026-04-30T00:26:48.175285+00:00,oaq-2027502,32.989152,-96.595809,7.0,,0,openaq,4.63,40.0,0.0,5093.341368842008,0.0,-4.775034482995254,-0.8594718287535456,0.5555777773333511,0,3
2026-04-30T00:26:48.175285+00:00,oaq-2687422,33.02671501396604,-96.73049880638965,10.3,,0,openaq,4.63,40.0,0.0,2984.78864518261,0.0,1.5801233377894417,0.2844108245966352,0.5555777773333511,0,3
2026-04-30T00:26:48.175285+00:00,oaq-2823991,32.89718802827573,-96.9215209285234,6.3,,0,openaq,4.63,40.0,0.26,5112.196176514755,0.0,-5.513829741940271,-0.9924496563569225,0.5555777773333511,0,3
2026-04-30T00:26:48.175285+00:00,oaq-3305184,32.924653,-96.968995,9.4,,0,openaq,4.63,40.0,0.0,531.8995123604027,0.0,-5.535824889732217,-0.9964086246039099,0.5555777773333511,0,3
2026-04-30T00:26:48.175285+00:00,oaq-4806780,32.74504,-96.75339,7.2,,0,openaq,4.63,40.0,0.0,5196.790845437736,0.0,-5.517726109424462,-0.9931509744519141,0.5555777773333511,0,3
2026-04-30T00:26:48.175285+00:00,oaq-6154898,33.0104851,-96.8130788,3.0,,0,openaq,4.63,40.0,0.3921568627450981,1638.688811699866,0.0,-1.4538516584894916,-0.2616828314241894,0.5555777773333511,0,3
2026-04-30T00:26:48.175285+00:00,oaq-6280493,32.779668,-96.790561,2.8,,0,openaq,4.63,40.0,0.16666666666666663,675.1734413727568,0.0,5.015734575178861,0.9027961124099065,0.5555777773333511,0,3
2026-04-30T00:56:11.581612+00:00,266465,32.995834,-96.725136,3.2759999999999994,4.8,1,purpleair,4.63,40.0,0.0,1480.951781327029,0.0,-5.459298694307183,-0.9826344603829537,0.5555777773333511,0,3
2026-04-30T00:56:11.581612+00:00,12969,32.991665,-96.85915,0.0,0.0,1,purpleair,4.63,40.0,0.0,2507.0440355846786,0.0,0.5834531550211248,0.10501736729312128,0.5555777773333511,0,3
2026-04-30T00:56:11.581612+00:00,280468,32.63575,-97.04373,4.458,7.4,1,purpleair,4.63,40.0,0.0,7365.455147129217,0.0,-2.8864243439284727,-0.519535600898701,0.5555777773333511,0,3
2026-04-30T00:56:11.581612+00:00,280470,32.70023,-97.00805,4.4719999999999995,7.1,1,purpleair,4.63,40.0,0.0,3953.1723168066364,0.0,-3.7123941300747667,-0.6682042157793687,0.5555777773333511,0,3
2026-04-30T00:56:11.581612+00:00,280478,32.75621,-96.96507,18.764000000000003,37.2,1,purpleair,4.63,40.0,0.0,6081.035837676344,0.0,4.291075320130685,0.7723626637348392,0.5555777773333511,0,3
2026-04-30T00:56:11.581612+00:00,280474,32.75654,-96.95801,4.6419999999999995,7.1,1,purpleair,4.63,40.0,0.0,6159.476466012534,0.0,4.643741026033511,0.835839951756607,0.5555777773333511,0,3
2026-04-30T00:56:11.581612+00:00,280940,32.71137,-97.02061,0.9499999999999993,0.0,1,purpleair,4.63,40.0,0.0,5240.578841840523,0.0,-2.5949443251898847,-0.467071296055979,0.5555777773333511,0,3
2026-04-30T00:56:11.581612+00:00,283882,32.894684,-96.811386,4.216999999999999,7.1,1,purpleair,4.63,40.0,0.0,3989.4556711593186,0.0,-5.2026572207306785,-0.936440842846931,0.5555777773333511,0,3
2026-04-30T00:56:11.581612+00:00,305450,32.715767,-96.756905,3.7489999999999997,6.2,1,purpleair,4.63,40.0,0.125,4078.511198764039,0.0,4.948866006341501,0.8907602514439922,0.5555777773333511,0,3
2026-04-30T00:56:11.581612+00:00,53365,33.05041,-96.937004,5.643999999999999,8.7,1,purpleair,4.63,40.0,0.0,5778.516437614537,0.0,5.426684225565638,0.976764090819562,0.5555777773333511,0,3
2026-04-30T00:56:11.581612+00:00,53389,33.06212,-96.99123,2.2509999999999994,4.3,1,purpleair,4.63,40.0,0.0,5832.690369070606,0.0,1.909913816922828,0.34377073649165496,0.5555777773333511,0,3
2026-04-30T00:56:11.581612+00:00,87721,32.96388,-96.63465,2.906999999999999,3.6,1,purpleair,4.63,40.0,0.0,8566.504721475498,0.0,0.8143865110769194,0.14658370876275725,0.5555777773333511,0,3
2026-04-30T00:56:11.581612+00:00,90785,32.81998,-96.466545,0.01499999999999968,0.0,1,purpleair,4.63,40.0,0.0,3700.125907613209,0.0,-4.78710346851956,-0.8616441592564383,0.5555777773333511,0,3
2026-04-30T00:56:11.581612+00:00,109566,32.576748,-97.008194,5.3660000000000005,9.8,1,purpleair,4.63,40.0,0.0,4952.915255086903,0.0,-0.3071731936767487,-0.055288963347510274,0.5555777773333511,0,3
2026-04-30T00:56:11.581612+00:00,120681,32.97801,-96.97727,2.084,1.2,1,purpleair,4.63,40.0,0.0,3109.5946676675267,0.0,-5.230340881085851,-0.941423702400466,0.5555777773333511,0,3
2026-04-30T00:56:11.581612+00:00,123409,32.686947,-96.73787,6.185,13.5,1,purpleair,4.63,40.0,0.125,5760.399932087341,0.0,2.2416825996372305,0.40348672878832637,0.5555777773333511,0,3
2026-04-30T00:56:11.581612+00:00,123453,32.73404,-96.792435,30.699,57.7,1,purpleair,4.63,40.0,0.125,3646.4341089566815,0.0,4.655255249662961,0.8379124291124717,0.5555777773333511,0,3
2026-04-30T00:56:11.581612+00:00,128645,32.836563,-96.810425,2.883,2.9,1,purpleair,4.63,40.0,0.3666666666666667,6711.100833581984,0.0,3.523150089560298,0.6341416509621082,0.5555777773333511,0,3
2026-04-30T00:56:11.581612+00:00,144032,32.861404,-96.68724,3.3899999999999997,6.0,1,purpleair,4.63,40.0,0.0,2572.0493152981167,0.0,4.889193401632134,0.8800196122132833,0.5555777773333511,0,3
2026-04-30T00:56:11.581612+00:00,147038,33.00878,-96.80816,0.20899999999999963,0.7,1,purpleair,4.63,40.0,0.3846153846153846,1142.797044464357,0.0,-1.35509598420814,-0.24390752105174132,0.5555777773333511,0,3
2026-04-30T00:56:11.581612+00:00,164965,33.073666,-96.89765,3.455,4.0,1,purpleair,4.63,40.0,0.0,1669.1448611596547,0.0,-5.031612516568677,-0.9056540275457542,0.5555777773333511,0,3
2026-04-30T00:56:11.581612+00:00,196323,32.960114,-96.6922,4.708,6.9,1,purpleair,4.63,40.0,0.0,5268.437237855559,0.0,-2.65405902705363,-0.47771151679113566,0.5555777773333511,0,3
2026-04-30T00:56:11.581612+00:00,196421,32.977444,-96.77611,3.748,4.4,1,purpleair,4.63,40.0,0.3846153846153846,3567.8921900799687,0.0,-1.5893444901262388,-0.2860705656289451,0.5555777773333511,0,3
2026-04-30T00:56:11.581612+00:00,232993,33.017765,-97.00562,3.4789999999999996,4.7,1,purpleair,4.63,40.0,0.0,4013.4715806583276,0.0,-1.727148375365628,-0.31087427284358876,0.5555777773333511,0,3
2026-04-30T00:56:11.581612+00:00,233007,33.03821,-97.01968,3.4179999999999997,5.4,1,purpleair,4.63,40.0,0.0,5433.596187322604,0.0,-1.77362908112394,-0.3192404652390818,0.5555777773333511,0,3
2026-04-30T00:56:11.581612+00:00,233009,33.031593,-96.970695,3.601999999999999,5.1,1,purpleair,4.63,40.0,0.0,3066.541580625272,0.0,3.665484032466097,0.6597607359422473,0.5555777773333511,0,3
2026-04-30T00:56:11.581612+00:00,241905,33.01271,-96.51433,0.0,4.6,1,purpleair,4.63,40.0,0.0,2947.8280871776383,0.0,4.73680525642406,0.852590843204648,0.5555777773333511,0,3
2026-04-30T00:56:11.581612+00:00,oaq-2158,32.82,-96.86,6.3,,0,openaq,4.63,40.0,0.0,4159.427902430185,0.0,-2.014818877306249,-0.362652892089552,0.5555777773333511,0,3
2026-04-30T00:56:11.581612+00:00,oaq-1867568,32.89577021431647,-96.73548973413885,5.3,,0,openaq,4.63,40.0,0.0,5210.636893890105,0.0,2.443035903090631,0.4397288737531324,0.5555777773333511,0,3
2026-04-30T00:56:11.581612+00:00,oaq-2027502,32.989152,-96.595809,7.0,,0,openaq,4.63,40.0,0.0,5093.341368842008,0.0,-4.775034482995254,-0.8594718287535456,0.5555777773333511,0,3
2026-04-30T00:56:11.581612+00:00,oaq-2687422,33.02671501396604,-96.73049880638965,10.3,,0,openaq,4.63,40.0,0.0,2984.78864518261,0.0,1.5801233377894417,0.2844108245966352,0.5555777773333511,0,3
2026-04-30T00:56:11.581612+00:00,oaq-2823991,32.89718802827573,-96.9215209285234,6.3,,0,openaq,4.63,40.0,0.19999999999999996,5112.196176514755,0.0,-5.513829741940271,-0.9924496563569225,0.5555777773333511,0,3
2026-04-30T00:56:11.581612+00:00,oaq-3305184,32.924653,-96.968995,9.4,,0,openaq,4.63,40.0,0.0,531.8995123604027,0.0,-5.535824889732217,-0.9964086246039099,0.5555777773333511,0,3
2026-04-30T00:56:11.581612+00:00,oaq-4806780,32.74504,-96.75339,7.0,,0,openaq,4.63,40.0,0.0,5196.790845437736,0.0,-5.517726109424462,-0.9931509744519141,0.5555777773333511,0,3
2026-04-30T00:56:11.581612+00:00,oaq-6154898,33.0104851,-96.8130788,3.0,,0,openaq,4.63,40.0,0.3846153846153846,1638.688811699866,0.0,-1.4538516584894916,-0.2616828314241894,0.5555777773333511,0,3
2026-04-30T00:56:11.581612+00:00,oaq-6280493,32.779668,-96.790561,2.8,,0,openaq,4.63,40.0,0.3666666666666667,675.1734413727568,0.0,5.015734575178861,0.9027961124099065,0.5555777773333511,0,3
2026-04-30T01:09:48.272602+00:00,266465,32.995834,-96.725136,3.2569999999999992,4.6,1,purpleair,4.12,20.0,0.0,1480.951781327029,0.0,-4.506682002912422,-0.8599118550033447,0.5240865068542279,1,3
2026-04-30T01:09:48.272602+00:00,12969,32.991665,-96.85915,0.0,0.0,1,purpleair,4.12,20.0,0.0,2507.0440355846786,0.0,-1.2653799302896291,-0.2414448595299532,0.5240865068542279,1,3
2026-04-30T01:09:48.272602+00:00,280468,32.63575,-97.04373,4.353999999999999,7.2,1,purpleair,4.12,20.0,0.0,7365.455147129217,0.0,-1.0270264787133825,-0.19596506784309273,0.5240865068542279,1,3
2026-04-30T01:09:48.272602+00:00,280470,32.70023,-97.00805,4.4719999999999995,7.1,1,purpleair,4.12,20.0,0.0,3953.1723168066364,0.0,-1.9572070364415461,-0.3734511403831913,0.5240865068542279,1,3
2026-04-30T01:09:48.272602+00:00,280478,32.75621,-96.96507,18.764000000000003,37.2,1,purpleair,4.12,20.0,0.0,6081.035837676344,0.0,4.942284941096833,0.9430284650452766,0.5240865068542279,1,3
2026-04-30T01:09:48.272602+00:00,280474,32.75654,-96.95801,4.6419999999999995,7.1,1,purpleair,4.12,20.0,0.0,6159.476466012534,0.0,5.100370722848748,0.9731925275968594,0.5240865068542279,1,3
2026-04-30T01:09:48.272602+00:00,280940,32.71137,-97.02061,1.0349999999999993,0.0,1,purpleair,4.12,20.0,0.0,5240.578841840523,0.0,-0.7152864504040495,-0.13648251596811342,0.5240865068542279,1,3
2026-04-30T01:09:48.272602+00:00,283882,32.894684,-96.811386,4.132,7.1,1,purpleair,4.12,20.0,0.0,3989.4556711593186,0.0,-5.240634185435171,-0.9999559456112516,0.5240865068542279,1,3
2026-04-30T01:09:48.272602+00:00,305450,32.715767,-96.756905,3.9899999999999993,6.5,1,purpleair,4.12,20.0,0.0,4078.511198764039,0.0,3.5721827443519762,0.6816017389559623,0.5240865068542279,1,3
2026-04-30T01:09:48.272602+00:00,53365,33.05041,-96.937004,5.266,8.3,1,purpleair,4.12,20.0,0.0,5778.516437614537,0.0,5.194529776983071,0.9911588466878627,0.5240865068542279,1,3
2026-04-30T01:09:48.272602+00:00,53389,33.06212,-96.99123,2.2509999999999994,4.3,1,purpleair,4.12,20.0,0.0,5832.690369070606,0.0,0.009766741735865645,0.0018635743542586983,0.5240865068542279,1,3
2026-04-30T01:09:48.272602+00:00,87721,32.96388,-96.63465,2.6849999999999996,3.5,1,purpleair,4.12,20.0,0.0,8566.504721475498,0.0,-1.0512237445885,-0.20058210445034272,0.5240865068542279,1,3
2026-04-30T01:09:48.272602+00:00,90785,32.81998,-96.466545,0.09999999999999964,0.0,1,purpleair,4.12,20.0,0.0,3700.125907613209,0.0,-5.153134521341825,-0.9832602927087275,0.5240865068542279,1,3
2026-04-30T01:09:48.272602+00:00,109566,32.576748,-97.008194,4.566999999999999,8.1,1,purpleair,4.12,20.0,0.0,4952.915255086903,0.0,1.5174524240343956,0.2895423568797332,0.5240865068542279,1,3
2026-04-30T01:09:48.272602+00:00,120681,32.97801,-96.97727,1.8239999999999998,0.7,1,purpleair,4.12,20.0,0.0,3109.5946676675267,0.0,-5.240796989912266,-0.9999870100395408,0.5240865068542279,1,3
2026-04-30T01:09:48.272602+00:00,123409,32.686947,-96.73787,6.27,13.5,1,purpleair,4.12,20.0,0.0,5760.399932087341,0.0,0.34699783764844205,0.06621003080794023,0.5240865068542279,1,3
2026-04-30T01:09:48.272602+00:00,123453,32.73404,-96.792435,30.699,57.7,1,purpleair,4.12,20.0,0.0,3646.4341089566815,0.0,5.104897769939017,0.9740563252774067,0.5240865068542279,1,3
2026-04-30T01:09:48.272602+00:00,128645,32.836563,-96.810425,2.883,2.9,1,purpleair,4.12,20.0,0.4,6711.100833581984,0.0,4.50899913686124,0.8603539831479379,0.5240865068542279,1,3
2026-04-30T01:09:48.272602+00:00,144032,32.861404,-96.68724,3.2009999999999996,5.8,1,purpleair,4.12,20.0,0.0,2572.0493152981167,0.0,3.482606181627971,0.6645097967760961,0.5240865068542279,1,3
2026-04-30T01:09:48.272602+00:00,147038,33.00878,-96.80816,0.07200000000000006,0.6,1,purpleair,4.12,20.0,0.3137254901960784,1142.797044464357,0.0,0.5371494815756963,0.10249252261804594,0.5240865068542279,1,3
2026-04-30T01:09:48.272602+00:00,164965,33.073666,-96.89765,3.3840000000000003,3.7,1,purpleair,4.12,20.0,0.0,1669.1448611596547,0.0,-3.7001236068823244,-0.7060139039052757,0.5240865068542279,1,3
2026-04-30T01:09:48.272602+00:00,196323,32.960114,-96.6922,4.2589999999999995,6.2,1,purpleair,4.12,20.0,0.0,5268.437237855559,0.0,-3.9273597243096017,-0.7493724171383748,0.5240865068542279,1,3
2026-04-30T01:09:48.272602+00:00,196421,32.977444,-96.77611,3.5919999999999996,4.1,1,purpleair,4.12,20.0,0.3137254901960784,3567.8921900799687,0.0,-3.126411989921636,-0.5965450262567497,0.5240865068542279,1,3
2026-04-30T01:09:48.272602+00:00,232993,33.017765,-97.00562,3.374999999999999,4.5,1,purpleair,4.12,20.0,0.0,4013.4715806583276,0.0,0.17267152566556365,0.03294714200943765,0.5240865068542279,1,3
2026-04-30T01:09:48.272602+00:00,233007,33.03821,-97.01968,3.2809999999999993,5.3,1,purpleair,4.12,20.0,0.0,5433.596187322604,0.0,-3.2708837359840617,-0.6241114192420607,0.5240865068542279,1,3
2026-04-30T01:09:48.272602+00:00,233009,33.031593,-96.970695,3.5309999999999993,4.8,1,purpleair,4.12,20.0,0.0,3066.541580625272,0.0,4.596197427862825,0.8769921315950299,0.5240865068542279,1,3
2026-04-30T01:09:48.272602+00:00,241905,33.01271,-96.51433,0.0,4.7,1,purpleair,4.12,20.0,0.0,2947.8280871776383,0.0,3.2621280646747364,0.6224407654101428,0.5240865068542279,1,3
2026-04-30T01:09:48.272602+00:00,oaq-2158,32.82,-96.86,6.3,,0,openaq,4.12,20.0,0.0,4159.427902430185,0.0,-3.456450746298538,-0.6595191253912464,0.5240865068542279,1,3
2026-04-30T01:09:48.272602+00:00,oaq-1867568,32.89577021431647,-96.73548973413885,5.3,,0,openaq,4.12,20.0,0.0,5210.636893890105,0.0,3.77546009667513,0.7203887234832504,0.5240865068542279,1,3
2026-04-30T01:09:48.272602+00:00,oaq-2027502,32.989152,-96.595809,7.0,,0,openaq,4.12,20.0,0.0,5093.341368842008,0.0,-3.3164425458839606,-0.6328044134909226,0.5240865068542279,1,3
2026-04-30T01:09:48.272602+00:00,oaq-2687422,33.02671501396604,-96.73049880638965,10.3,,0,openaq,4.12,20.0,0.0,2984.78864518261,0.0,3.1191234833815877,0.5951543194851145,0.5240865068542279,1,3
2026-04-30T01:09:48.272602+00:00,oaq-2823991,32.89718802827573,-96.9215209285234,6.3,,0,openaq,4.12,20.0,0.0,5112.196176514755,0.0,-4.667765634272375,-0.8906479318252496,0.5240865068542279,1,3
2026-04-30T01:09:48.272602+00:00,oaq-3305184,32.924653,-96.968995,9.4,,0,openaq,4.12,20.0,0.0,531.8995123604027,0.0,-5.05889375253504,-0.9652783817886285,0.5240865068542279,1,3
2026-04-30T01:09:48.272602+00:00,oaq-4806780,32.74504,-96.75339,7.0,,0,openaq,4.12,20.0,0.0,5196.790845437736,0.0,-4.681642008963069,-0.8932956578226205,0.5240865068542279,1,3
2026-04-30T01:09:48.272602+00:00,oaq-6154898,33.0104851,-96.8130788,3.0,,0,openaq,4.12,20.0,0.3137254901960784,1638.688811699866,0.0,0.4412842847252998,0.0842006575162678,0.5240865068542279,1,3
2026-04-30T01:09:48.272602+00:00,oaq-6280493,32.779668,-96.790561,2.8,,0,openaq,4.12,20.0,0.4,675.1734413727568,0.0,3.675201960869799,0.7012586496320613,0.5240865068542279,1,3
2026-04-30T01:28:57.220608+00:00,266465,32.995834,-96.725136,3.4649999999999994,5.0,1,purpleair,4.12,20.0,0.0,1480.951781327029,0.0,-4.506682002912422,-0.8599118550033447,0.5240865068542279,1,3
2026-04-30T01:28:57.220608+00:00,12969,32.991665,-96.85915,0.0,0.0,1,purpleair,4.12,20.0,0.0,2507.0440355846786,0.0,-1.2653799302896291,-0.2414448595299532,0.5240865068542279,1,3
2026-04-30T01:28:57.220608+00:00,280468,32.63575,-97.04373,4.491,7.3,1,purpleair,4.12,20.0,0.0,7365.455147129217,0.0,-1.0270264787133825,-0.19596506784309273,0.5240865068542279,1,3
2026-04-30T01:28:57.220608+00:00,280470,32.70023,-97.00805,4.368,6.9,1,purpleair,4.12,20.0,0.0,3953.1723168066364,0.0,-1.9572070364415461,-0.3734511403831913,0.5240865068542279,1,3
2026-04-30T01:28:57.220608+00:00,280478,32.75621,-96.96507,18.764000000000003,37.2,1,purpleair,4.12,20.0,0.0,6081.035837676344,0.0,4.942284941096833,0.9430284650452766,0.5240865068542279,1,3
2026-04-30T01:28:57.220608+00:00,280474,32.75654,-96.95801,4.571,6.8,1,purpleair,4.12,20.0,0.0,6159.476466012534,0.0,5.100370722848748,0.9731925275968594,0.5240865068542279,1,3
2026-04-30T01:28:57.220608+00:00,280940,32.71137,-97.02061,0.9499999999999993,0.0,1,purpleair,4.12,20.0,0.0,5240.578841840523,0.0,-0.7152864504040495,-0.13648251596811342,0.5240865068542279,1,3
2026-04-30T01:28:57.220608+00:00,283882,32.894684,-96.811386,3.8719999999999994,6.6,1,purpleair,4.12,20.0,0.0,3989.4556711593186,0.0,-5.240634185435171,-0.9999559456112516,0.5240865068542279,1,3
2026-04-30T01:28:57.220608+00:00,305450,32.715767,-96.756905,3.8009999999999993,6.3,1,purpleair,4.12,20.0,0.0,4078.511198764039,0.0,3.5721827443519762,0.6816017389559623,0.5240865068542279,1,3
2026-04-30T01:28:57.220608+00:00,53365,33.05041,-96.937004,5.128999999999999,8.2,1,purpleair,4.12,20.0,0.0,5778.516437614537,0.0,5.194529776983071,0.9911588466878627,0.5240865068542279,1,3
2026-04-30T01:28:57.220608+00:00,53389,33.06212,-96.99123,2.2509999999999994,4.3,1,purpleair,4.12,20.0,0.0,5832.690369070606,0.0,0.009766741735865645,0.0018635743542586983,0.5240865068542279,1,3
2026-04-30T01:28:57.220608+00:00,87721,32.96388,-96.63465,2.5999999999999996,3.5,1,purpleair,4.12,20.0,0.0,8566.504721475498,0.0,-1.0512237445885,-0.20058210445034272,0.5240865068542279,1,3
2026-04-30T01:28:57.220608+00:00,90785,32.81998,-96.466545,0.01499999999999968,0.0,1,purpleair,4.12,20.0,0.0,3700.125907613209,0.0,-5.153134521341825,-0.9832602927087275,0.5240865068542279,1,3
2026-04-30T01:28:57.220608+00:00,109566,32.576748,-97.008194,3.929,7.2,1,purpleair,4.12,20.0,0.0,4952.915255086903,0.0,1.5174524240343956,0.2895423568797332,0.5240865068542279,1,3
2026-04-30T01:28:57.220608+00:00,120681,32.97801,-96.97727,1.7199999999999998,0.5,1,purpleair,4.12,20.0,0.0,3109.5946676675267,0.0,-5.240796989912266,-0.9999870100395408,0.5240865068542279,1,3
2026-04-30T01:28:57.220608+00:00,123409,32.686947,-96.73787,6.185,13.5,1,purpleair,4.12,20.0,0.0,5760.399932087341,0.0,0.34699783764844205,0.06621003080794023,0.5240865068542279,1,3
2026-04-30T01:28:57.220608+00:00,123453,32.73404,-96.792435,30.699,57.7,1,purpleair,4.12,20.0,0.0,3646.4341089566815,0.0,5.104897769939017,0.9740563252774067,0.5240865068542279,1,3
2026-04-30T01:28:57.220608+00:00,128645,32.836563,-96.810425,2.7270000000000003,2.6,1,purpleair,4.12,20.0,0.6875,6711.100833581984,0.0,4.50899913686124,0.8603539831479379,0.5240865068542279,1,3
2026-04-30T01:28:57.220608+00:00,144032,32.861404,-96.68724,3.7209999999999996,6.8,1,purpleair,4.12,20.0,0.0,2572.0493152981167,0.0,3.482606181627971,0.6645097967760961,0.5240865068542279,1,3
2026-04-30T01:28:57.220608+00:00,147038,33.00878,-96.80816,0.0,0.4,1,purpleair,4.12,20.0,0.3921568627450981,1142.797044464357,0.0,0.5371494815756963,0.10249252261804594,0.5240865068542279,1,3
2026-04-30T01:28:57.220608+00:00,164965,33.073666,-96.89765,3.162,3.6,1,purpleair,4.12,20.0,0.0,1669.1448611596547,0.0,-3.7001236068823244,-0.7060139039052757,0.5240865068542279,1,3
2026-04-30T01:28:57.220608+00:00,196323,32.960114,-96.6922,3.790999999999999,5.3,1,purpleair,4.12,20.0,0.0,5268.437237855559,0.0,-3.9273597243096017,-0.7493724171383748,0.5240865068542279,1,3
2026-04-30T01:28:57.220608+00:00,196421,32.977444,-96.77611,3.3129999999999997,3.4,1,purpleair,4.12,20.0,0.3921568627450981,3567.8921900799687,0.0,-3.126411989921636,-0.5965450262567497,0.5240865068542279,1,3
2026-04-30T01:28:57.220608+00:00,232993,33.017765,-97.00562,3.341999999999999,4.6,1,purpleair,4.12,20.0,0.0,4013.4715806583276,0.0,0.17267152566556365,0.03294714200943765,0.5240865068542279,1,3
2026-04-30T01:28:57.220608+00:00,233007,33.03821,-97.01968,3.261999999999999,5.1,1,purpleair,4.12,20.0,0.0,5433.596187322604,0.0,-3.2708837359840617,-0.6241114192420607,0.5240865068542279,1,3
2026-04-30T01:28:57.220608+00:00,233009,33.031593,-96.970695,3.341999999999999,4.6,1,purpleair,4.12,20.0,0.0,3066.541580625272,0.0,4.596197427862825,0.8769921315950299,0.5240865068542279,1,3
2026-04-30T01:28:57.220608+00:00,241905,33.01271,-96.51433,0.0,4.7,1,purpleair,4.12,20.0,0.0,2947.8280871776383,0.0,3.2621280646747364,0.6224407654101428,0.5240865068542279,1,3
2026-04-30T01:28:57.220608+00:00,oaq-2158,32.82,-96.86,6.3,,0,openaq,4.12,20.0,0.0,4159.427902430185,0.0,-3.456450746298538,-0.6595191253912464,0.5240865068542279,1,3
2026-04-30T01:28:57.220608+00:00,oaq-1867568,32.89577021431647,-96.73548973413885,5.3,,0,openaq,4.12,20.0,0.0,5210.636893890105,0.0,3.77546009667513,0.7203887234832504,0.5240865068542279,1,3
2026-04-30T01:28:57.220608+00:00,oaq-2027502,32.989152,-96.595809,7.5,,0,openaq,4.12,20.0,0.0,5093.341368842008,0.0,-3.3164425458839606,-0.6328044134909226,0.5240865068542279,1,3
2026-04-30T01:28:57.220608+00:00,oaq-2687422,33.02671501396604,-96.73049880638965,7.2,,0,openaq,4.12,20.0,0.0,2984.78864518261,0.0,3.1191234833815877,0.5951543194851145,0.5240865068542279,1,3
2026-04-30T01:28:57.220608+00:00,oaq-2823991,32.89718802827573,-96.9215209285234,6.3,,0,openaq,4.12,20.0,0.18000000000000005,5112.196176514755,0.0,-4.667765634272375,-0.8906479318252496,0.5240865068542279,1,3
2026-04-30T01:28:57.220608+00:00,oaq-3305184,32.924653,-96.968995,10.3,,0,openaq,4.12,20.0,0.0,531.8995123604027,0.0,-5.05889375253504,-0.9652783817886285,0.5240865068542279,1,3
2026-04-30T01:28:57.220608+00:00,oaq-4806780,32.74504,-96.75339,7.0,,0,openaq,4.12,20.0,0.0,5196.790845437736,0.0,-4.681642008963069,-0.8932956578226205,0.5240865068542279,1,3
2026-04-30T01:28:57.220608+00:00,oaq-6154898,33.0104851,-96.8130788,2.0,,0,openaq,4.12,20.0,0.3921568627450981,1638.688811699866,0.0,0.4412842847252998,0.0842006575162678,0.5240865068542279,1,3
2026-04-30T01:28:57.220608+00:00,oaq-6280493,32.779668,-96.790561,2.0,,0,openaq,4.12,20.0,0.6875,675.1734413727568,0.0,3.675201960869799,0.7012586496320613,0.5240865068542279,1,3
2026-04-30T02:14:28.792516+00:00,266465,32.995834,-96.725136,3.015999999999999,4.3,1,purpleair,2.57,360.0,0.0,1480.951781327029,0.0,-0.7866273719198871,-0.6334711889629758,0.413924308700677,2,3
2026-04-30T02:14:28.792516+00:00,12969,32.991665,-96.85915,0.0,0.0,1,purpleair,2.57,360.0,0.0,2507.0440355846786,0.0,-0.693884423450237,-0.5587852729470957,0.413924308700677,2,3
2026-04-30T02:14:28.792516+00:00,280468,32.63575,-97.04373,4.575999999999999,7.3,1,purpleair,2.57,360.0,0.0,7365.455147129217,0.0,0.18780790365475447,0.15124174453077352,0.413924308700677,2,3
2026-04-30T02:14:28.792516+00:00,280470,32.70023,-97.00805,3.6919999999999993,5.6,1,purpleair,2.57,360.0,0.0,3953.1723168066364,0.0,-0.041791055590458315,-0.03365434590496502,0.413924308700677,2,3
2026-04-30T02:14:28.792516+00:00,280478,32.75621,-96.96507,18.764000000000003,37.2,1,purpleair,2.57,360.0,0.0,6081.035837676344,0.0,1.2417122230922393,0.9999511158533774,0.413924308700677,2,3
2026-04-30T02:14:28.792516+00:00,280474,32.75654,-96.95801,4.018,5.9,1,purpleair,2.57,360.0,0.0,6159.476466012534,0.0,1.2332838209389596,0.9931637218169034,0.413924308700677,2,3
2026-04-30T02:14:28.792516+00:00,280940,32.71137,-97.02061,1.0349999999999993,0.0,1,purpleair,2.57,360.0,0.0,5240.578841840523,0.0,0.26147772819524145,0.210568069812916,0.413924308700677,2,3
2026-04-30T02:14:28.792516+00:00,283882,32.894684,-96.811386,3.8339999999999996,6.2,1,purpleair,2.57,360.0,0.0,3989.4556711593186,0.0,-1.170820012358037,-0.9428616035568455,0.413924308700677,2,3
2026-04-30T02:14:28.792516+00:00,305450,32.715767,-96.756905,3.5409999999999995,5.8,1,purpleair,2.57,360.0,0.0,4078.511198764039,0.0,0.48457952924461767,0.3902319973795289,0.413924308700677,2,3
2026-04-30T02:14:28.792516+00:00,53365,33.05041,-96.937004,5.369999999999999,8.5,1,purpleair,2.57,360.0,0.0,5778.516437614537,0.0,1.1002172917236923,0.8860052176989501,0.413924308700677,2,3
2026-04-30T02:14:28.792516+00:00,53389,33.06212,-96.99123,1.4669999999999987,4.1,1,purpleair,2.57,360.0,0.0,5832.690369070606,0.0,-0.4225360399798871,-0.34026836235368946,0.413924308700677,2,3
2026-04-30T02:14:28.792516+00:00,87721,32.96388,-96.63465,2.6849999999999996,3.5,1,purpleair,2.57,360.0,0.0,8566.504721475498,0.0,-0.6501361208238117,-0.523554755590148,0.413924308700677,2,3
2026-04-30T02:14:28.792516+00:00,90785,32.81998,-96.466545,0.01499999999999968,0.0,1,purpleair,2.57,360.0,0.0,3700.125907613209,0.0,-1.2247366999586664,-0.9862807234839289,0.413924308700677,2,3
2026-04-30T02:14:28.792516+00:00,109566,32.576748,-97.008194,3.929,7.2,1,purpleair,2.57,360.0,0.0,4952.915255086903,0.0,0.744381520247684,0.5994505956772016,0.413924308700677,2,3
2026-04-30T02:14:28.792516+00:00,120681,32.97801,-96.97727,1.5499999999999998,0.5,1,purpleair,2.57,360.0,0.0,3109.5946676675267,0.0,-1.1647049294917105,-0.9379371260313755,0.413924308700677,2,3
2026-04-30T02:14:28.792516+00:00,123409,32.686947,-96.73787,6.27,13.5,1,purpleair,2.57,360.0,0.0,5760.399932087341,0.0,-0.34651993140675785,-0.2790525740438682,0.413924308700677,2,3
2026-04-30T02:14:28.792516+00:00,123453,32.73404,-96.792435,30.784000000000002,57.7,1,purpleair,2.57,360.0,0.0,3646.4341089566815,0.0,1.2327261795315214,0.9927146530735634,0.413924308700677,2,3
2026-04-30T02:14:28.792516+00:00,128645,32.836563,-96.810425,2.051,1.3,1,purpleair,2.57,360.0,0.0,6711.100833581984,0.0,1.220408132872027,0.9827949274936533,0.413924308700677,2,3
2026-04-30T02:14:28.792516+00:00,144032,32.861404,-96.68724,3.234,5.7,1,purpleair,2.57,360.0,0.0,2572.0493152981167,0.0,0.4580283072939406,0.3688502927275985,0.413924308700677,2,3
2026-04-30T02:14:28.792516+00:00,147038,33.00878,-96.80816,0.0,0.2,1,purpleair,2.57,360.0,0.28,1142.797044464357,0.0,0.5420717009739047,0.4365304554315633,0.413924308700677,2,3
2026-04-30T02:14:28.792516+00:00,164965,33.073666,-96.89765,3.285,4.0,1,purpleair,2.57,360.0,0.0,1669.1448611596547,0.0,-0.5230572124453354,-0.42121808379832415,0.413924308700677,2,3
2026-04-30T02:14:28.792516+00:00,196323,32.960114,-96.6922,3.6679999999999997,4.9,1,purpleair,2.57,360.0,0.0,5268.437237855559,0.0,-1.1556534211129224,-0.9306479444197251,0.413924308700677,2,3
2026-04-30T02:14:28.792516+00:00,196421,32.977444,-96.77611,3.176,3.3,1,purpleair,2.57,360.0,0.28,3567.8921900799687,0.0,-1.036964029993786,-0.835067352651062,0.413924308700677,2,3
2026-04-30T02:14:28.792516+00:00,232993,33.017765,-97.00562,3.119999999999999,4.5,1,purpleair,2.57,360.0,0.0,4013.4715806583276,0.0,0.4629262975145685,0.3727946452880967,0.413924308700677,2,3
2026-04-30T02:14:28.792516+00:00,233007,33.03821,-97.01968,2.884,4.7,1,purpleair,2.57,360.0,0.0,5433.596187322604,0.0,-1.060108159678757,-0.8537053251808878,0.413924308700677,2,3
2026-04-30T02:14:28.792516+00:00,233009,33.031593,-96.970695,3.0869999999999993,4.6,1,purpleair,2.57,360.0,0.0,3066.541580625272,0.0,1.227424653640131,0.9884453331520604,0.413924308700677,2,3
2026-04-30T02:14:28.792516+00:00,241905,33.01271,-96.51433,0.017999999999999794,5.4,1,purpleair,2.57,360.0,0.0,2947.8280871776383,0.0,0.39390917888483695,0.3172151450598394,0.413924308700677,2,3
2026-04-30T02:14:28.792516+00:00,oaq-2158,32.82,-96.86,6.3,,0,openaq,2.57,360.0,0.0,4159.427902430185,0.0,-1.08883321549578,-0.8768376187051089,0.413924308700677,2,3
2026-04-30T02:14:28.792516+00:00,oaq-1867568,32.89577021431647,-96.73548973413885,5.3,,0,openaq,2.57,360.0,0.0,5210.636893890105,0.0,1.1351779725427869,0.9141590613560489,0.413924308700677,2,3
2026-04-30T02:14:28.792516+00:00,oaq-2027502,32.989152,-96.595809,7.5,,0,openaq,2.57,360.0,0.0,5093.341368842008,0.0,-0.40955092530859044,-0.3298114467628033,0.413924308700677,2,3
2026-04-30T02:14:28.792516+00:00,oaq-2687422,33.02671501396604,-96.73049880638965,7.2,,0,openaq,2.57,360.0,0.0,2984.78864518261,0.0,1.0357794621319418,0.8341134199014066,0.413924308700677,2,3
2026-04-30T02:14:28.792516+00:00,oaq-2823991,32.89718802827573,-96.9215209285234,6.3,,0,openaq,2.57,360.0,0.0,5112.196176514755,0.0,-0.8461700524077249,-0.6814209221519127,0.413924308700677,2,3
2026-04-30T02:14:28.792516+00:00,oaq-3305184,32.924653,-96.968995,10.3,,0,openaq,2.57,360.0,0.0,531.8995123604027,0.0,-1.0154241964437356,-0.8177213201379643,0.413924308700677,2,3
2026-04-30T02:14:28.792516+00:00,oaq-4806780,32.74504,-96.75339,7.0,,0,openaq,2.57,360.0,0.0,5196.790845437736,0.0,-0.8514783573196752,-0.6856957012201063,0.413924308700677,2,3
2026-04-30T02:14:28.792516+00:00,oaq-6154898,33.0104851,-96.8130788,2.0,,0,openaq,2.57,360.0,0.28,1638.688811699866,0.0,0.521455599420737,0.4199283044909061,0.413924308700677,2,3
2026-04-30T02:14:28.792516+00:00,oaq-6280493,32.779668,-96.790561,2.0,,0,openaq,2.57,360.0,0.0,675.1734413727568,0.0,0.5155084256966257,0.4151390442331714,0.413924308700677,2,3
